# RFC 5322 ABNF production	Idriç type
quoted-pair	QuotedPair
FWS	FoldingWhiteSpace
ctext	CommentText
ccontent	CommentContent
comment	Comment
CFWS	CommentsAndFoldingWhiteSpace
atext	Atext
atom	Atom
dot-atom-text	DotAtomText
dot-atom	DotAtom
specials	Special
qtext	QuotedText
qcontent	QuotedContent
quoted-string	QuotedString
word	Word
phrase	Phrase
unstructured	Unstructured
date-time	DateTime
day-of-week	DayOfWeek
day-name	DayName
date	Date
day	Day
month	Month
year	Year
time	Time
time-of-day	TimeOfDay
hour	Hour
minute	Minute
second	Second
zone	Zone
address	Address
mailbox	Mailbox
name-addr	NameAddress
angle-addr	AngleAddress
group	Group
display-name	DisplayName
mailbox-list	MailboxList
address-list	AddressList
group-list	GroupList
addr-spec	AddrSpec
local-part	LocalPart
domain	Domain
domain-literal	DomainLiteral
dtext	DomainText
message	Message
body	MessageBody
text	MessageTextCharacter
fields	HeaderSection
orig-date	OriginationDateField
from	FromField
sender	SenderField
reply-to	ReplyToField
to	ToField
cc	CcField
bcc	BccField
message-id	MessageIdField
in-reply-to	InReplyToField
references	ReferencesField
msg-id	MessageId
id-left	IdLeft
id-right	IdRight
no-fold-literal	NoFoldLiteral
subject	SubjectField
comments	CommentsField
keywords	KeywordsField
resent-date	ResentDateField
resent-from	ResentFromField
resent-sender	ResentSenderField
resent-to	ResentToField
resent-cc	ResentCcField
resent-bcc	ResentBccField
resent-msg-id	ResentMessageIdField
trace	TraceBlock
return	ReturnPathField
path	ReturnPath
received	ReceivedField
received-token	ReceivedToken
optional-field	OptionalField
field-name	FieldName
ftext	FieldText
obs-NO-WS-CTL	ObsoleteNoWhiteSpaceControl
obs-ctext	CommentText (obsolete alternative)
obs-qtext	QuotedText (obsolete alternative)
obs-utext	ObsoleteUnstructured
obs-qp	ObsoleteQuotedPair
obs-body	ObsoleteBody
obs-unstruct	ObsoleteUnstructured
obs-phrase	ObsoletePhrase
obs-phrase-list	ObsoletePhraseList
obs-FWS	ObsoleteFoldingWhiteSpace
obs-day-of-week	ObsoleteDayOfWeek
obs-day	ObsoleteDay
obs-year	ObsoleteYear
obs-hour	ObsoleteHour
obs-minute	ObsoleteMinute
obs-second	ObsoleteSecond
obs-zone	Zone (obsolete alternative)
obs-angle-addr	ObsoleteAngleAddress
obs-route	ObsoleteRoute
obs-domain-list	ObsoleteDomainList
obs-mbox-list	ObsoleteMailboxList
obs-addr-list	ObsoleteAddressList
obs-group-list	ObsoleteGroupList
obs-local-part	ObsoleteLocalPart
obs-domain	ObsoleteDomain
obs-dtext	DomainText (obsolete alternative)
obs-fields	ObsoleteFields
obs-orig-date	ObsoleteHeaderField
obs-from	ObsoleteHeaderField
obs-sender	ObsoleteHeaderField
obs-reply-to	ObsoleteHeaderField
obs-to	ObsoleteHeaderField
obs-cc	ObsoleteHeaderField
obs-bcc	ObsoleteHeaderField
obs-message-id	ObsoleteHeaderField
obs-in-reply-to	ObsoleteHeaderField
obs-references	ObsoleteHeaderField
obs-id-left	ObsoleteIdLeft
obs-id-right	ObsoleteIdRight
obs-subject	ObsoleteHeaderField
obs-comments	ObsoleteHeaderField
obs-keywords	ObsoleteHeaderField
obs-resent-from	ObsoleteHeaderField
obs-resent-send	ObsoleteHeaderField
obs-resent-date	ObsoleteHeaderField
obs-resent-to	ObsoleteHeaderField
obs-resent-cc	ObsoleteHeaderField
obs-resent-bcc	ObsoleteHeaderField
obs-resent-mid	ObsoleteHeaderField
obs-resent-rply	ObsoleteHeaderField
obs-return	ObsoleteHeaderField
obs-received	ObsoleteHeaderField
obs-optional	ObsoleteHeaderField
